Model,AUC-ROC,AUC-PR,Precision,Recall,F1-Score,Accuracy,CV AUC-ROC Mean,CV AUC-ROC Std
Logistic Regression,0.8785103785103785,0.9230027925548233,0.8780487804878049,0.8571428571428571,0.8674698795180723,0.8211382113821138,0.7756438903870737,0.027567682558278087
